﻿<?xml version="1.0" encoding="utf-8"?>
<publishData>
  <publishProfile publishUrl="F:\Vishal\HouseOfRhythmPublished" deleteExistingFiles="False" ftpAnonymousLogin="False" ftpPassiveMode="True" msdeploySite="" msdeploySiteID="" msdeployRemoteSitePhysicalPath="" msdeployAllowUntrustedCertificate="False" msdeploySkipExtraFilesOnServer="True" msdeployMarkAsApp="False" profileName="Profile1" publishMethod="FileSystem" replaceMatchingFiles="True" userName="" savePWD="False" userPWD="" SelectedForPublish="True">
    <file relUrl="images/logo/8.jpg" publishTime="07/12/2017 16:36:57" />
    <file relUrl="images/logo/4.jpg" publishTime="07/12/2017 16:36:57" />
    <file relUrl="dist/img/credit/paypal.png" publishTime="07/14/2017 17:10:55" />
    <file relUrl="images/7.jpg" publishTime="07/12/2017 16:36:56" />
    <file relUrl="images/sticker.png" publishTime="09/28/2017 15:42:11" />
    <file relUrl="bin/itextsharp.xmlworker.dll" publishTime="02/13/2015 15:30:52" />
    <file relUrl="ProductImages/Music/MainImage/1000000006.jpg" publishTime="09/20/2017 16:32:48" />
    <file relUrl="ProductImages/Music/Thumbnail/100000005.jpg" publishTime="09/20/2017 16:32:48" />
    <file relUrl="css/images/ui-icons_ef8c08_256x240.html" publishTime="07/12/2017 16:36:56" />
    <file relUrl="css/flexslider.html" publishTime="07/12/2017 16:36:56" />
    <file relUrl="bootstrap/css/bootstrap.css" publishTime="07/14/2017 17:10:55" />
    <file relUrl="images/category1.jpg" publishTime="07/12/2017 16:36:57" />
    <file relUrl="dist/img/credit/american-express.png" publishTime="07/14/2017 17:10:55" />
    <file relUrl="BannerImages/MainBanner/b4.jpg" publishTime="09/23/2017 18:15:39" />
    <file relUrl="images/about-sub.jpg" publishTime="07/12/2017 16:36:56" />
    <file relUrl="ProductImages/Music/Thumbnail/100000008.jpeg" publishTime="09/20/2017 16:32:49" />
    <file relUrl="dist/img/avatar2.png" publishTime="07/14/2017 17:10:55" />
    <file relUrl="js/jquery-ui.js" publishTime="07/12/2017 16:36:57" />
    <file relUrl="Admin/AddBooks.aspx" publishTime="10/06/2017 16:57:12" />
    <file relUrl="ProductImages/Music/MainImage/100000006.jpg" publishTime="09/20/2017 16:32:48" />
    <file relUrl="dist/css/skins/skin-black-light.css" publishTime="07/14/2017 17:10:55" />
    <file relUrl="images/blog_img1.jpg" publishTime="07/13/2017 12:20:20" />
    <file relUrl="dist/img/avatar04.png" publishTime="07/14/2017 17:10:55" />
    <file relUrl="images/13.jpg" publishTime="07/12/2017 16:36:56" />
    <file relUrl="Web.config" publishTime="10/06/2017 11:47:46" />
    <file relUrl="Admin/CustomerCatalog.aspx" publishTime="10/26/2017 11:55:03" />
    <file relUrl="Admin/NewProduct.aspx" publishTime="09/23/2017 14:58:09" />
    <file relUrl="dist/css/skins/skin-red.css" publishTime="07/14/2017 17:10:55" />
    <file relUrl="Sales.aspx" publishTime="09/28/2017 18:36:36" />
    <file relUrl="payment.aspx" publishTime="09/23/2017 18:24:40" />
    <file relUrl="Admin/AddMovies.aspx" publishTime="10/16/2017 13:42:49" />
    <file relUrl="dist/css/skins/skin-yellow-light.css" publishTime="07/14/2017 17:10:55" />
    <file relUrl="css/images/ui-bg_diagonals-thick_18_b81900_40x40.html" publishTime="07/12/2017 16:36:56" />
    <file relUrl="ProductImages/Music/Thumbnail/1000000005.jpg" publishTime="09/20/2017 16:32:48" />
    <file relUrl="images/banner1.jpg" publishTime="07/12/2017 16:36:57" />
    <file relUrl="ProductImages/Music/MainImage/1000000005.jpg" publishTime="09/20/2017 16:32:48" />
    <file relUrl="MovieDetails.aspx" publishTime="08/29/2017 16:23:58" />
    <file relUrl="images/5.jpg" publishTime="07/12/2017 16:36:56" />
    <file relUrl="dist/css/skins/skin-red.min.css" publishTime="07/14/2017 17:10:55" />
    <file relUrl="fonts/glyphicons-halflings-regular-3.html" publishTime="07/12/2017 16:36:56" />
    <file relUrl="MovieList.aspx" publishTime="11/08/2017 17:37:33" />
    <file relUrl="images/blog_img2.jpg" publishTime="07/13/2017 12:09:23" />
    <file relUrl="images/owner-logo.png" publishTime="07/12/2017 16:36:57" />
    <file relUrl="dist/css/skins/_all-skins.min.css" publishTime="07/14/2017 17:10:55" />
    <file relUrl="css/owl.carousel.css" publishTime="07/12/2017 16:36:56" />
    <file relUrl="dist/img/credit/cirrus.png" publishTime="07/14/2017 17:10:55" />
    <file relUrl="ProductImages/Music/MainImage/100000009.jpg" publishTime="09/20/2017 16:32:48" />
    <file relUrl="bin/BusinessObject.pdb" publishTime="11/08/2017 14:43:37" />
    <file relUrl="ProductImages/Music/Thumbnail/1000000002.jpg" publishTime="09/20/2017 16:32:48" />
    <file relUrl="dist/css/skins/skin-black-light.min.css" publishTime="07/14/2017 17:10:55" />
    <file relUrl="dist/js/pages/dashboard2.js" publishTime="07/14/2017 17:10:56" />
    <file relUrl="Admin/LowStockReport.aspx" publishTime="10/26/2017 10:16:03" />
    <file relUrl="images/404.png" publishTime="07/12/2017 16:36:56" />
    <file relUrl="dist/css/skins/skin-black.css" publishTime="07/14/2017 17:10:55" />
    <file relUrl="TermsandCondition.aspx" publishTime="11/08/2017 17:06:42" />
    <file relUrl="dist/img/credit/visa.png" publishTime="07/14/2017 17:10:55" />
    <file relUrl="dist/img/user6-128x128.jpg" publishTime="07/14/2017 17:10:55" />
    <file relUrl="WebForm1.aspx" publishTime="08/19/2017 17:18:22" />
    <file relUrl="images/11.jpg" publishTime="07/12/2017 16:36:56" />
    <file relUrl="TermsAndConditions.aspx" publishTime="08/19/2017 17:18:22" />
    <file relUrl="PrivaryPolicy.aspx" publishTime="11/08/2017 17:01:14" />
    <file relUrl="dist/css/skins/skin-purple-light.css" publishTime="07/14/2017 17:10:55" />
    <file relUrl="images/sub-banner1.jpg" publishTime="07/12/2017 16:36:57" />
    <file relUrl="dist/img/credit/mastercard.png" publishTime="07/14/2017 17:10:55" />
    <file relUrl="css/magnific-popup.css" publishTime="07/13/2017 15:23:17" />
    <file relUrl="images/category2.jpg" publishTime="07/12/2017 16:36:57" />
    <file relUrl="ProductImages/Music/MainImage/1000000002.jpg" publishTime="09/20/2017 16:32:48" />
    <file relUrl="dist/css/skins/skin-black.min.css" publishTime="07/14/2017 17:10:55" />
    <file relUrl="images/4.jpg" publishTime="07/12/2017 16:36:56" />
    <file relUrl="images/blog_img4.jpg" publishTime="07/12/2017 16:36:57" />
    <file relUrl="dist/css/skins/skin-blue.css" publishTime="07/14/2017 17:10:55" />
    <file relUrl="dist/img/icons.png" publishTime="07/14/2017 17:10:55" />
    <file relUrl="css/jquery-ui.css" publishTime="07/12/2017 16:36:56" />
    <file relUrl="bin/BusinessObject.dll" publishTime="11/08/2017 14:43:37" />
    <file relUrl="CheckOut.aspx" publishTime="08/28/2017 10:32:59" />
    <file relUrl="Admin/SalesAhipment.aspx" publishTime="09/20/2017 16:25:28" />
    <file relUrl="dist/img/avatar3.png" publishTime="07/14/2017 17:10:55" />
    <file relUrl="images/testimonial_img2.jpg" publishTime="07/12/2017 16:36:57" />
    <file relUrl="dist/js/jquery-3.2.1.min.js" publishTime="07/14/2017 17:10:56" />
    <file relUrl="ProductImages/Music/MainImage/100000002.jpg" publishTime="09/20/2017 16:32:48" />
    <file relUrl="images/blog_img5.jpg" publishTime="07/12/2017 16:36:57" />
    <file relUrl="js/jquery-3.2.1.js" publishTime="07/31/2017 17:54:21" />
    <file relUrl="dist/img/photo4.jpg" publishTime="07/14/2017 17:10:55" />
    <file relUrl="fonts/glyphicons-halflings-regulard41d.html" publishTime="07/12/2017 16:36:56" />
    <file relUrl="css/images/ui-bg_highlight-soft_75_ffe45c_1x100.html" publishTime="07/12/2017 16:36:56" />
    <file relUrl="Sidebar.master" publishTime="08/19/2017 17:18:22" />
    <file relUrl="images/grid-list.png" publishTime="07/12/2017 16:36:57" />
    <file relUrl="js/bootstrap.min.js" publishTime="07/12/2017 16:36:57" />
    <file relUrl="css/fotorama.css" publishTime="07/12/2017 16:36:56" />
    <file relUrl="images/apple-touch-icon.html" publishTime="07/12/2017 16:36:57" />
    <file relUrl="Admin/PurchaseReport.aspx" publishTime="09/20/2017 16:25:28" />
    <file relUrl="MusicDetails.aspx" publishTime="08/29/2017 16:14:29" />
    <file relUrl="dist/js/app.js" publishTime="07/14/2017 17:10:56" />
    <file relUrl="fonts/glyphicons-halflings-regular.html" publishTime="07/12/2017 16:36:56" />
    <file relUrl="dist/img/avatar.png" publishTime="07/14/2017 17:10:55" />
    <file relUrl="ProductImages/Music/MainImage/1000000001.jpg" publishTime="09/20/2017 16:32:48" />
    <file relUrl="Admin/OrderDetails.aspx" publishTime="09/27/2017 12:22:02" />
    <file relUrl="register.aspx" publishTime="11/08/2017 17:15:35" />
    <file relUrl="css/responsive.css" publishTime="07/12/2017 16:36:56" />
    <file relUrl="dist/css/skins/skin-red-light.css" publishTime="07/14/2017 17:10:55" />
    <file relUrl="ProductImages/Music/Thumbnail/100000001.jpg" publishTime="09/20/2017 16:32:48" />
    <file relUrl="images/loaderGif2.gif" publishTime="07/19/2017 18:04:11" />
    <file relUrl="dist/img/boxed-bg.png" publishTime="07/14/2017 17:10:55" />
    <file relUrl="images/logo/2.jpg" publishTime="07/12/2017 16:36:57" />
    <file relUrl="ProductImages/Music/MainImage/100000001.jpg" publishTime="09/20/2017 16:32:48" />
    <file relUrl="bin/BusinessLayerHor.dll" publishTime="11/08/2017 14:43:40" />
    <file relUrl="images/drop_banner2.jpg" publishTime="07/12/2017 16:36:57" />
    <file relUrl="Admin/SalesReport.aspx" publishTime="10/26/2017 10:05:16" />
    <file relUrl="BookList.aspx" publishTime="09/28/2017 11:40:41" />
    <file relUrl="images/12.jpg" publishTime="07/12/2017 16:36:56" />
    <file relUrl="images/Preloader_2.gif" publishTime="07/12/2017 16:36:57" />
    <file relUrl="dist/img/default-50x50.gif" publishTime="07/14/2017 17:10:55" />
    <file relUrl="images/select-icon.png" publishTime="07/12/2017 16:36:57" />
    <file relUrl="images/logo/9.jpg" publishTime="07/12/2017 16:36:57" />
    <file relUrl="dist/css/AdminLTE.css" publishTime="08/09/2017 10:31:54" />
    <file relUrl="images/drop_banner.jpg" publishTime="07/12/2017 16:36:57" />
    <file relUrl="bin/HouseOfRhythm.pdb" publishTime="11/08/2017 17:44:26" />
    <file relUrl="ProductImages/Music/MainImage/1000008.jpg" publishTime="09/20/2017 16:32:48" />
    <file relUrl="css/images/ui-bg_glass_65_dcbd71_1x400.html" publishTime="07/12/2017 16:36:56" />
    <file relUrl="images/logo.png" publishTime="07/12/2017 16:36:57" />
    <file relUrl="ProductImages/Music/Thumbnail/1000000001.jpg" publishTime="09/20/2017 16:32:48" />
    <file relUrl="images/comment-user.jpg" publishTime="07/12/2017 16:36:57" />
    <file relUrl="bin/itextsharp.xml" publishTime="02/13/2015 15:30:50" />
    <file relUrl="images/paypal-img.png" publishTime="07/12/2017 16:36:57" />
    <file relUrl="FAQ.aspx" publishTime="11/08/2017 16:22:18" />
    <file relUrl="css/font-awesome.min.css" publishTime="07/12/2017 16:36:56" />
    <file relUrl="css/fotorama.html" publishTime="07/12/2017 16:36:56" />
    <file relUrl="images/testimonial_img1.jpg" publishTime="07/12/2017 16:36:57" />
    <file relUrl="Admin/Dashboard.aspx" publishTime="10/27/2017 12:45:46" />
    <file relUrl="bootstrap/js/npm.js" publishTime="07/14/2017 17:10:55" />
    <file relUrl="dist/css/skins/skin-red-light.min.css" publishTime="07/14/2017 17:10:55" />
    <file relUrl="images/loaderGif1.gif" publishTime="07/19/2017 18:03:53" />
    <file relUrl="css/images/ui-icons_ffffff_256x240.html" publishTime="07/12/2017 16:36:56" />
    <file relUrl="ProductImages/Music/MainImage/100000003.jpg" publishTime="09/20/2017 16:32:48" />
    <file relUrl="images/sprite.png" publishTime="07/12/2017 16:36:57" />
    <file relUrl="css/Admin.css" publishTime="09/27/2017 12:26:06" />
    <file relUrl="ProductImages/Movie/Main/2000000002.jpg" publishTime="09/20/2017 16:32:48" />
    <file relUrl="dist/css/skins/skin-green.min.css" publishTime="07/14/2017 17:10:55" />
    <file relUrl="Admin/CategoryProduct.aspx" publishTime="09/22/2017 18:26:07" />
    <file relUrl="Admin/Invoice.aspx" publishTime="09/20/2017 16:25:27" />
    <file relUrl="bin/itextsharp.dll" publishTime="02/13/2015 15:30:52" />
    <file relUrl="dist/img/user5-128x128.jpg" publishTime="07/14/2017 17:10:55" />
    <file relUrl="images/logo/6.jpg" publishTime="07/12/2017 16:36:57" />
    <file relUrl="single-blog.aspx" publishTime="08/19/2017 17:18:22" />
    <file relUrl="account.aspx" publishTime="11/08/2017 17:32:07" />
    <file relUrl="Admin/Default.aspx" publishTime="10/24/2017 10:14:27" />
    <file relUrl="js/Admin.js" publishTime="09/23/2017 10:40:54" />
    <file relUrl="images/2.jpg" publishTime="07/12/2017 16:36:56" />
    <file relUrl="images/banner2.jpg" publishTime="07/12/2017 16:36:57" />
    <file relUrl="images/parallax.jpg" publishTime="07/12/2017 16:36:57" />
    <file relUrl="bin/BusinessLayerHor.pdb" publishTime="11/08/2017 14:43:40" />
    <file relUrl="dist/img/user1-128x128.jpg" publishTime="07/14/2017 17:10:55" />
    <file relUrl="fonts/glyphicons-halflings-regular-2.html" publishTime="07/12/2017 16:36:56" />
    <file relUrl="images/0.jpg" publishTime="07/12/2017 16:36:56" />
    <file relUrl="images/category4.jpg" publishTime="07/12/2017 16:36:57" />
    <file relUrl="images/left-banner.jpg" publishTime="07/12/2017 16:36:57" />
    <file relUrl="Admin/CategoryBook.aspx" publishTime="09/22/2017 18:25:23" />
    <file relUrl="BannerImages/MainBanner/b2.jpg" publishTime="10/25/2017 10:11:03" />
    <file relUrl="ProductImages/Music/Thumbnail/100000006.jpg" publishTime="09/20/2017 16:32:48" />
    <file relUrl="ProductList_NewRelease.aspx" publishTime="08/19/2017 17:18:22" />
    <file relUrl="images/banner3.jpg" publishTime="07/12/2017 16:36:57" />
    <file relUrl="js/custom.js" publishTime="09/25/2017 15:02:30" />
    <file relUrl="images/testimonial_img3.jpg" publishTime="07/12/2017 16:36:57" />
    <file relUrl="images/logo/5.jpg" publishTime="07/12/2017 16:36:57" />
    <file relUrl="contact.aspx" publishTime="08/19/2017 17:18:09" />
    <file relUrl="ProductImages/logo.png" publishTime="09/20/2017 16:32:48" />
    <file relUrl="dist/css/skins/skin-green.css" publishTime="07/14/2017 17:10:55" />
    <file relUrl="404.html" publishTime="07/12/2017 16:37:25" />
    <file relUrl="Admin/BookCatalog.aspx" publishTime="09/20/2017 16:25:27" />
    <file relUrl="images/blog_img3.jpg" publishTime="07/12/2017 16:36:57" />
    <file relUrl="Admin/Format.aspx" publishTime="09/22/2017 13:02:11" />
    <file relUrl="dist/css/skins/skin-purple.css" publishTime="07/14/2017 17:10:55" />
    <file relUrl="Order_Details.aspx" publishTime="08/22/2017 19:10:31" />
    <file relUrl="images/favicon.png" publishTime="07/12/2017 16:36:57" />
    <file relUrl="ProductImages/Music/MainImage/100000005.jpg" publishTime="09/20/2017 16:32:48" />
    <file relUrl="dist/img/user2-160x160.jpg" publishTime="08/19/2017 18:00:44" />
    <file relUrl="MusicList.aspx" publishTime="09/28/2017 10:03:11" />
    <file relUrl="css/images/ui-bg_diagonals-thick_20_666666_40x40.html" publishTime="07/12/2017 16:36:56" />
    <file relUrl="images/logo/1.jpg" publishTime="07/12/2017 16:36:57" />
    <file relUrl="js/jquery-1.12.3.min.js" publishTime="07/12/2017 16:36:57" />
    <file relUrl="css/images/ui-bg_highlight-soft_100_eeeeee_1x100.html" publishTime="07/12/2017 16:36:56" />
    <file relUrl="Default.aspx" publishTime="11/04/2017 12:20:32" />
    <file relUrl="fonts/glyphicons-halflings-regular-4.html" publishTime="07/12/2017 16:36:56" />
    <file relUrl="ProductImages/Music/Thumbnail/100000003.jpg" publishTime="09/20/2017 16:32:48" />
    <file relUrl="css/images/ui-bg_glass_100_dcbd71_1x400.html" publishTime="07/12/2017 16:36:56" />
    <file relUrl="css/bootstrap.css" publishTime="07/13/2017 18:51:07" />
    <file relUrl="ProductList.aspx" publishTime="09/28/2017 11:40:41" />
    <file relUrl="DetailsService.asmx" publishTime="08/19/2017 17:18:17" />
    <file relUrl="AutoComplete.asmx" publishTime="08/19/2017 17:18:09" />
    <file relUrl="ProductImages/Music/Thumbnail/100000007.jpg" publishTime="09/20/2017 16:32:48" />
    <file relUrl="dist/img/credit/paypal2.png" publishTime="07/14/2017 17:10:55" />
    <file relUrl="images/logo/3.jpg" publishTime="07/12/2017 16:36:57" />
    <file relUrl="Admin/MasterPage.Master" publishTime="10/26/2017 11:47:51" />
    <file relUrl="PrivacyPolicy.aspx" publishTime="11/08/2017 17:06:05" />
    <file relUrl="dist/css/skins/skin-green-light.css" publishTime="07/14/2017 17:10:55" />
    <file relUrl="dist/img/avatar5.png" publishTime="07/14/2017 17:10:55" />
    <file relUrl="Admin/AddAdvertise.aspx" publishTime="10/27/2017 11:52:28" />
    <file relUrl="Admin/CategoryMovie.aspx" publishTime="10/11/2017 10:12:56" />
    <file relUrl="dist/js/demo.js" publishTime="07/14/2017 17:10:56" />
    <file relUrl="images/category3.jpg" publishTime="07/12/2017 16:36:57" />
    <file relUrl="ProductImages/Music/Thumbnail/1000000003.jpg" publishTime="09/20/2017 16:32:48" />
    <file relUrl="Site1.Master" publishTime="08/19/2017 17:18:22" />
    <file relUrl="images/sub-banner3.jpg" publishTime="07/12/2017 16:36:57" />
    <file relUrl="css/images/ui-icons_222222_256x240.html" publishTime="07/12/2017 16:36:56" />
    <file relUrl="dist/js/pages/dashboard.js" publishTime="07/14/2017 17:10:56" />
    <file relUrl="js/owl.carousel.min.js" publishTime="07/12/2017 16:36:57" />
    <file relUrl="bin/HouseOfRhythm.dll" publishTime="11/08/2017 17:44:26" />
    <file relUrl="NewReleasesList.aspx" publishTime="09/20/2017 16:59:07" />
    <file relUrl="bin/DataAccessLayer.pdb" publishTime="11/08/2017 14:43:36" />
    <file relUrl="bin/DataAccessLayer.dll" publishTime="11/08/2017 14:43:36" />
    <file relUrl="images/6.jpg" publishTime="07/12/2017 16:36:56" />
    <file relUrl="about.aspx" publishTime="08/19/2017 17:18:09" />
    <file relUrl="dist/img/d (2).jpg" publishTime="07/14/2017 17:10:55" />
    <file relUrl="ProductImages/Movie/Main/2000000001.jpg" publishTime="09/20/2017 16:32:48" />
    <file relUrl="BannerImages/MainBanner/b1.jpg" publishTime="10/25/2017 10:10:23" />
    <file relUrl="css/Invoice.css" publishTime="08/21/2017 15:04:46" />
    <file relUrl="ProductImages/Music/Thumbnail/100000002.jpg" publishTime="09/20/2017 16:32:48" />
    <file relUrl="Admin/PurchaseCatalogue.aspx" publishTime="09/23/2017 15:59:48" />
    <file relUrl="Admin/MovieCatalog.aspx" publishTime="09/20/2017 16:25:27" />
    <file relUrl="dist/js/jquery-ui.js" publishTime="08/19/2017 17:36:46" />
    <file relUrl="Admin/CategoryMusic.aspx" publishTime="09/22/2017 18:25:08" />
    <file relUrl="dist/css/skins/skin-yellow-light.min.css" publishTime="07/14/2017 17:10:55" />
    <file relUrl="cart.aspx" publishTime="08/30/2017 15:41:24" />
    <file relUrl="images/title-icon.png" publishTime="07/12/2017 16:36:57" />
    <file relUrl="css/images/ui-bg_flat_10_000000_40x100.html" publishTime="07/12/2017 16:36:56" />
    <file relUrl="fonts/fontawesome-webfont914c.html" publishTime="07/12/2017 16:36:56" />
    <file relUrl="Admin/NewCustomerReport.aspx" publishTime="09/20/2017 16:25:27" />
    <file relUrl="dist/css/skins/skin-yellow.min.css" publishTime="07/14/2017 17:10:55" />
    <file relUrl="images/apple-touch-icon-114x114.html" publishTime="07/12/2017 16:36:57" />
    <file relUrl="css/images/ui-icons_228ef1_256x240.html" publishTime="07/12/2017 16:36:56" />
    <file relUrl="dist/img/credit/mestro.png" publishTime="07/14/2017 17:10:55" />
    <file relUrl="ProductImages/Music/MainImage/100000004.jpg" publishTime="09/20/2017 16:32:48" />
    <file relUrl="images/krrish-2006-4b.jpg" publishTime="07/12/2017 16:36:57" />
    <file relUrl="UserMaster.Master" publishTime="11/08/2017 17:36:39" />
    <file relUrl="images/14.jpg" publishTime="07/12/2017 16:36:56" />
    <file relUrl="Admin/Banner.aspx" publishTime="11/04/2017 12:32:47" />
    <file relUrl="dist/css/skins/skin-yellow.css" publishTime="07/14/2017 17:10:55" />
    <file relUrl="bootstrap/js/bootstrap.min.js" publishTime="07/14/2017 17:10:55" />
    <file relUrl="ProductImages/Music/MainImage/100000008.jpeg" publishTime="09/20/2017 16:32:48" />
    <file relUrl="css/grabbing.html" publishTime="07/12/2017 16:36:56" />
    <file relUrl="dist/css/jquery-ui.css" publishTime="08/19/2017 17:38:43" />
    <file relUrl="dist/img/user3-128x128.jpg" publishTime="07/14/2017 17:10:55" />
    <file relUrl="ProductImages/Music/MainImage/1000001.jpg" publishTime="09/20/2017 16:32:48" />
    <file relUrl="css/images/ui-icons_ffd27a_256x240.html" publishTime="07/12/2017 16:36:56" />
    <file relUrl="images/8.jpg" publishTime="07/12/2017 16:36:56" />
    <file relUrl="Admin/ProductCatalouge.aspx" publishTime="10/27/2017 15:55:32" />
    <file relUrl="dist/css/skins/skin-purple.min.css" publishTime="07/14/2017 17:10:55" />
    <file relUrl="ProductImages/Music/MainImage/100000007.jpg" publishTime="09/20/2017 16:32:48" />
    <file relUrl="ProductImages/Music/MainImage/1000007.jpeg" publishTime="09/20/2017 16:32:48" />
    <file relUrl="blog.aspx" publishTime="08/19/2017 17:18:09" />
    <file relUrl="ProductImages/Music/Thumbnail/100000009.jpg" publishTime="09/20/2017 16:32:49" />
    <file relUrl="images/newsletter-icon.png" publishTime="07/12/2017 16:36:57" />
    <file relUrl="js/jquery.magnific-popup.js" publishTime="07/12/2017 16:36:57" />
    <file relUrl="dist/img/boxed-bg.jpg" publishTime="07/14/2017 17:10:55" />
    <file relUrl="Compare.aspx" publishTime="08/24/2017 15:23:26" />
    <file relUrl="Admin/Orders.aspx" publishTime="09/26/2017 15:17:46" />
    <file relUrl="ProductList_Music.aspx" publishTime="08/19/2017 17:18:19" />
    <file relUrl="images/shipping_icon.png" publishTime="07/12/2017 16:36:57" />
    <file relUrl="dist/css/skins/skin-green-light.min.css" publishTime="07/14/2017 17:10:55" />
    <file relUrl="bootstrap/js/bootstrap.js" publishTime="07/14/2017 17:10:55" />
    <file relUrl="BannerImages/SmallBanner/mov1.jpg" publishTime="09/20/2017 16:33:34" />
    <file relUrl="dist/img/photo2.png" publishTime="07/14/2017 17:10:55" />
    <file relUrl="css/fotorama@2x.html" publishTime="07/12/2017 16:36:56" />
    <file relUrl="dist/img/user4-128x128.jpg" publishTime="07/14/2017 17:10:55" />
    <file relUrl="css/custom.css" publishTime="10/25/2017 17:00:27" />
    <file relUrl="images/10.jpg" publishTime="07/12/2017 16:36:56" />
    <file relUrl="images/logo/7.jpg" publishTime="07/12/2017 16:36:57" />
    <file relUrl="Admin/CustomerDetails.aspx" publishTime="10/26/2017 11:49:59" />
    <file relUrl="login.aspx" publishTime="08/31/2017 10:02:24" />
    <file relUrl="BannerImages/SmallBanner/New_realease.jpg" publishTime="09/20/2017 16:33:34" />
    <file relUrl="Order-overview.aspx" publishTime="09/23/2017 18:25:11" />
    <file relUrl="js/fotorama.js" publishTime="07/12/2017 16:36:57" />
    <file relUrl="dist/css/skins/_all-skins.css" publishTime="07/14/2017 17:10:55" />
    <file relUrl="SearchResult.aspx" publishTime="11/08/2017 17:10:42" />
    <file relUrl="dist/css/skins/skin-blue.min.css" publishTime="07/14/2017 17:10:55" />
    <file relUrl="dist/img/photo3.jpg" publishTime="07/14/2017 17:10:55" />
    <file relUrl="dist/css/skins/skin-purple-light.min.css" publishTime="07/14/2017 17:10:55" />
    <file relUrl="BookDetails.aspx" publishTime="08/29/2017 16:12:40" />
    <file relUrl="images/1.jpg" publishTime="07/12/2017 16:36:56" />
    <file relUrl="BannerImages/SmallBanner/book.png" publishTime="09/20/2017 16:33:34" />
    <file relUrl="dist/img/user7-128x128.jpg" publishTime="07/14/2017 17:10:55" />
    <file relUrl="dist/img/user8-128x128.jpg" publishTime="07/14/2017 17:10:56" />
    <file relUrl="dist/img/photo1.png" publishTime="07/14/2017 17:10:55" />
    <file relUrl="js/jquery.flexslider.html" publishTime="07/12/2017 16:36:57" />
    <file relUrl="dist/css/skins/skin-blue-light.min.css" publishTime="07/14/2017 17:10:55" />
    <file relUrl="images/apple-touch-icon-72x72.html" publishTime="07/12/2017 16:36:57" />
    <file relUrl="PreOrder.aspx" publishTime="09/28/2017 18:18:58" />
    <file relUrl="fonts/glyphicons-halflings-regular-5.html" publishTime="07/12/2017 16:36:56" />
    <file relUrl="ProductImages/Music/Thumbnail/1000000006.jpg" publishTime="09/20/2017 16:32:48" />
    <file relUrl="dist/js/app.min.js" publishTime="07/14/2017 17:10:56" />
    <file relUrl="ProductDetails.aspx" publishTime="09/22/2017 16:38:32" />
    <file relUrl="css/images/ui-bg_gloss-wave_35_f6a828_500x100.html" publishTime="07/12/2017 16:36:56" />
    <file relUrl="dist/css/skins/skin-blue-light.css" publishTime="07/14/2017 17:10:55" />
    <file relUrl="Admin/InvoiceList.aspx" publishTime="09/20/2017 16:25:27" />
    <file relUrl="Admin/AddProduct.aspx" publishTime="10/09/2017 15:10:11" />
    <file relUrl="bootstrap/css/bootstrap.min.css" publishTime="07/14/2017 17:10:55" />
    <file relUrl="images/3.jpg" publishTime="07/12/2017 16:36:56" />
    <file relUrl="images/9.jpg" publishTime="07/12/2017 16:36:56" />
    <file relUrl="images/payment-method.png" publishTime="07/12/2017 16:36:57" />
    <file relUrl="Order-complete.aspx" publishTime="08/29/2017 16:49:11" />
    <file relUrl="dist/css/AdminLTE.min.css" publishTime="07/14/2017 17:10:55" />
    <file relUrl="BannerImages/SmallBanner/banner2.jpg" publishTime="09/20/2017 16:33:34" />
    <file relUrl="ProductImages/Music/Thumbnail/100000004.jpg" publishTime="09/20/2017 16:32:48" />
    <file relUrl="Admin/AddMusic.aspx" publishTime="10/09/2017 09:55:54" />
    <file relUrl="images/sub-banner2.jpg" publishTime="07/12/2017 16:36:57" />
    <file relUrl="images/footer-logo.png" publishTime="07/12/2017 16:36:57" />
    <file relUrl="css/Style.css" publishTime="09/28/2017 15:47:25" />
    <file relUrl="ProductImages/Music/MainImage/1000000003.jpg" publishTime="09/20/2017 16:32:48" />
    <file relUrl="images/inner-banner.jpg" publishTime="07/12/2017 16:36:57" />
  </publishProfile>
</publishData>